{
  "Component.js.map": 1734586178023,
  "test/integration/FirstJourney.js": 1727438843303,
  "test/integration/pages/RisksList.js": 1727438843299,
  "test/integration/opaTests.qunit.js": 1727438843295,
  "test/integration/pages/RisksObjectPage.js": 1727438843299,
  "test/testsuite.qunit.js": 1727438843287,
  "xs-app.json": 1729265417557,
  "manifest.json": 1727443152592,
  "Component.js": 1727438843227,
  "test/integration/pages/RisksList-dbg.js": 1727438843299,
  "test/integration/pages/RisksList.js.map": 1734586177990,
  "test/integration/FirstJourney-dbg.js": 1727438843303,
  "test/integration/FirstJourney.js.map": 1734586178027,
  "test/integration/opaTests.qunit-dbg.js": 1727438843295,
  "test/integration/opaTests.qunit.js.map": 1734586178035,
  "test/integration/pages/RisksObjectPage-dbg.js": 1727438843299,
  "test/integration/pages/RisksObjectPage.js.map": 1734586177991,
  "test/testsuite.qunit-dbg.js": 1727438843287,
  "test/testsuite.qunit.js.map": 1734586178029,
  "Component-dbg.js": 1727438843227,
  "i18n/i18n.properties": 1727438858155,
  "Component-preload.js": 1734586178364,
  "Component-preload.js.map": 1734586178364,
  "test/integration/opaTests.qunit.html": 1727438843295,
  "test/testsuite.qunit.html": 1727438843267,
  "test/flpSandbox.html": 1727438843267,
  "index.html": 1727438843227
}