{
  "test/testsuite.qunit.js.map": 1729242614494,
  "manifest.json": 1727443152592,
  "test/integration/pages/RisksList.js": 1727438843299,
  "test/integration/opaTests.qunit.js": 1727438843295,
  "test/integration/FirstJourney.js": 1727438843303,
  "test/testsuite.qunit.js": 1727438843287,
  "xs-app.json": 1729242589866,
  "test/integration/pages/RisksObjectPage.js": 1727438843299,
  "Component.js": 1727438843227,
  "test/integration/opaTests.qunit-dbg.js": 1727438843295,
  "test/integration/opaTests.qunit.js.map": 1729242614484,
  "test/integration/pages/RisksList-dbg.js": 1727438843299,
  "test/integration/pages/RisksList.js.map": 1729242614484,
  "test/integration/FirstJourney-dbg.js": 1727438843303,
  "test/integration/FirstJourney.js.map": 1729242614490,
  "test/testsuite.qunit-dbg.js": 1727438843287,
  "i18n/i18n.properties": 1727438858155,
  "test/integration/pages/RisksObjectPage-dbg.js": 1727438843299,
  "test/integration/pages/RisksObjectPage.js.map": 1729242614489,
  "Component-dbg.js": 1727438843227,
  "Component.js.map": 1729242614492,
  "Component-preload.js": 1729242615106,
  "Component-preload.js.map": 1729242615106,
  "test/integration/opaTests.qunit.html": 1727438843295,
  "test/testsuite.qunit.html": 1727438843267,
  "test/flpSandbox.html": 1727438843267,
  "index.html": 1727438843227
}